{
    "smoothing_level": 0.9949997543018482,
    "smoothing_trend": 0.00010015615700382019,
    "smoothing_seasonal": 0.00010000611215800019,
    "damping_trend": NaN,
    "initial_level": 1996.230768742182,
    "initial_trend": 9.868844807627768,
    "initial_seasons": [
        0.974247344335227,
        0.9588528069140618,
        0.9583248130481513,
        0.974834812574665,
        0.9874774072302798,
        0.9885835614758158,
        1.0126781086297407,
        1.012631995616147,
        1.0102271600837813,
        1.016096598449323,
        1.0145663003233325,
        1.0374382456098152,
        1.0637796768835777,
        1.0556060413097492,
        1.058668352778386,
        1.0557413262320006,
        1.0872332246493777,
        1.074698762022026,
        1.0960413864534462,
        1.0815867542058164,
        1.0811626867935304,
        1.0954256073959305,
        1.0977239098894225,
        1.1030435442523894,
        1.0678820277620236,
        1.0934130918484644,
        1.1023762229392398,
        1.0911020466443506,
        1.0876164597025708,
        1.096238064184721,
        1.0800068232378641,
        1.0732552869821543,
        1.0457770317944222,
        1.0353943278448,
        1.029374626372777,
        1.013522131375221,
        1.0580471767296926,
        1.0431841240390527,
        1.0190493402457692,
        1.0076802961670643,
        1.0193658432167498,
        1.0130733044789082,
        1.0110287999864096,
        0.9964797980788845,
        1.0233413710253199,
        1.0008183576515612,
        1.0086946715096763,
        1.0190200654102894,
        1.0023651226791614,
        0.9800030085355776,
        0.9886691173398494,
        1.0074576529395032,
        1.0026883458664497,
        1.0023142927284938,
        1.001569650812334,
        0.9814050582959467,
        0.9898095256118163,
        0.9943951089819808,
        0.9981586573850361,
        1.0056964866294855,
        0.9932297609140001,
        1.004320846173166,
        0.9961052425667589,
        1.003275345236969,
        0.9922799601580288
    ],
    "use_boxcox": false,
    "lamda": null,
    "remove_bias": false
}